IndicatorCode,Indicator_d,ValueType,ParentLocationCode,ParentLocation,Location type,SpatialDimValueCode,Location,Period type,Period,IsLatestYear,Dim1 type,Dim1,Dim1ValueCode,Dim2 type,Dim2,Dim2ValueCode,Dim3 type,Dim3,Dim3ValueCode,DataSourceDimValueCode,DataSource,FactValueNumericPrefix,FactValueNumeric,FactValueUoM,FactValueNumericLowPrefix,FactValueNumericLow,FactValueNumericHighPrefix,FactValueNumericHigh,Value,FactValueTranslationID,FactComments,Language,DateModified
HWF_0024,Community Health Workers (number),numeric,AFR,Africa,Country,MWI,Malawi,Year,2022,TRUE,,,,,,,,,,,,,10747,,,,,,10 747,,,EN,2024-05-19T14:00:00.000Z
HWF_0024,Community Health Workers (number),numeric,AFR,Africa,Country,GNQ,Equatorial Guinea,Year,2022,TRUE,,,,,,,,,,,,,146,,,,,,146,,,EN,2024-05-19T14:00:00.000Z
HWF_0024,Community Health Workers (number),numeric,AFR,Africa,Country,NGA,Nigeria,Year,2022,TRUE,,,,,,,,,,,,,154477,,,,,,154 477,,,EN,2024-05-19T14:00:00.000Z
HWF_0024,Community Health Workers (number),numeric,AFR,Africa,Country,CPV,Cabo Verde,Year,2022,TRUE,,,,,,,,,,,,,155,,,,,,155,,,EN,2024-05-19T14:00:00.000Z
HWF_0024,Community Health Workers (number),numeric,AFR,Africa,Country,SEN,Senegal,Year,2022,TRUE,,,,,,,,,,,,,18757,,,,,,18 757,,,EN,2024-05-19T14:00:00.000Z
HWF_0024,Community Health Workers (number),numeric,AFR,Africa,Country,ZWE,Zimbabwe,Year,2022,TRUE,,,,,,,,,,,,,19722,,,,,,19 722,,,EN,2024-05-19T14:00:00.000Z
HWF_0024,Community Health Workers (number),numeric,AFR,Africa,Country,TZA,United Republic of Tanzania,Year,2022,TRUE,,,,,,,,,,,,,20737,,,,,,20 737,,Value obtained from Practising,EN,2024-05-19T14:00:00.000Z
HWF_0024,Community Health Workers (number),numeric,AFR,Africa,Country,BEN,Benin,Year,2022,TRUE,,,,,,,,,,,,,21,,,,,,21,,,EN,2024-05-19T14:00:00.000Z
HWF_0024,Community Health Workers (number),numeric,AFR,Africa,Country,NER,Niger,Year,2022,TRUE,,,,,,,,,,,,,2239,,,,,,2239,,,EN,2024-05-19T14:00:00.000Z
HWF_0024,Community Health Workers (number),numeric,AFR,Africa,Country,ZMB,Zambia,Year,2022,TRUE,,,,,,,,,,,,,2421,,,,,,2421,,,EN,2024-05-19T14:00:00.000Z
HWF_0024,Community Health Workers (number),numeric,AFR,Africa,Country,ERI,Eritrea,Year,2022,TRUE,,,,,,,,,,,,,2626,,,,,,2626,,,EN,2024-05-19T14:00:00.000Z
HWF_0024,Community Health Workers (number),numeric,EUR,Europe,Country,ISR,Israel,Year,2022,TRUE,,,,,,,,,,,,,300,,,,,,300,,,EN,2024-05-19T14:00:00.000Z
HWF_0024,Community Health Workers (number),numeric,AMR,Americas,Country,SLV,El Salvador,Year,2022,TRUE,,,,,,,,,,,,,3059,,,,,,3059,,,EN,2024-05-19T14:00:00.000Z
HWF_0024,Community Health Workers (number),numeric,AFR,Africa,Country,CMR,Cameroon,Year,2022,TRUE,,,,,,,,,,,,,310,,,,,,310,,,EN,2024-05-19T14:00:00.000Z
HWF_0024,Community Health Workers (number),numeric,AFR,Africa,Country,BFA,Burkina Faso,Year,2022,TRUE,,,,,,,,,,,,,3145,,,,,,3145,,,EN,2024-05-19T14:00:00.000Z
HWF_0024,Community Health Workers (number),numeric,AFR,Africa,Country,GNB,Guinea-Bissau,Year,2022,TRUE,,,,,,,,,,,,,3975,,,,,,3975,,,EN,2024-05-19T14:00:00.000Z
HWF_0024,Community Health Workers (number),numeric,AFR,Africa,Country,ETH,Ethiopia,Year,2022,TRUE,,,,,,,,,,,,,41101,,,,,,41 101,,,EN,2024-05-19T14:00:00.000Z
HWF_0024,Community Health Workers (number),numeric,AFR,Africa,Country,AGO,Angola,Year,2022,TRUE,,,,,,,,,,,,,5,,,,,,5,,,EN,2024-05-19T14:00:00.000Z
HWF_0024,Community Health Workers (number),numeric,SEAR,South-East Asia,Country,IDN,Indonesia,Year,2022,TRUE,,,,,,,,,,,,,503208,,,,,,503 208,,,EN,2024-05-19T14:00:00.000Z
HWF_0024,Community Health Workers (number),numeric,AFR,Africa,Country,ZAF,South Africa,Year,2022,TRUE,,,,,,,,,,,,,63290,,,,,,63 290,,Value obtained from Licensed to Practice,EN,2024-05-19T14:00:00.000Z
HWF_0024,Community Health Workers (number),numeric,AFR,Africa,Country,MOZ,Mozambique,Year,2022,TRUE,,,,,,,,,,,,,6992,,,,,,6992,,,EN,2024-05-19T14:00:00.000Z
HWF_0024,Community Health Workers (number),numeric,AFR,Africa,Country,KEN,Kenya,Year,2022,TRUE,,,,,,,,,,,,,86423,,,,,,86 423,,,EN,2024-05-19T14:00:00.000Z
HWF_0024,Community Health Workers (number),numeric,AFR,Africa,Country,MUS,Mauritius,Year,2022,TRUE,,,,,,,,,,,,,916,,,,,,916,,,EN,2024-05-19T14:00:00.000Z
HWF_0024,Community Health Workers (number),numeric,AFR,Africa,Country,LSO,Lesotho,Year,2022,TRUE,,,,,,,,,,,,,9196,,,,,,9196,,Value obtained from Practising,EN,2024-05-19T14:00:00.000Z
HWF_0024,Community Health Workers (number),numeric,AFR,Africa,Country,GAB,Gabon,Year,2022,TRUE,,,,,,,,,,,,,98,,,,,,98,,,EN,2024-05-19T14:00:00.000Z
HWF_0024,Community Health Workers (number),numeric,AMR,Americas,Country,PRY,Paraguay,Year,2021,TRUE,,,,,,,,,,,,,1089,,,,,,1089,,,EN,2024-05-19T14:00:00.000Z
HWF_0024,Community Health Workers (number),numeric,AMR,Americas,Country,SUR,Suriname,Year,2021,TRUE,,,,,,,,,,,,,129,,,,,,129,,,EN,2024-05-19T14:00:00.000Z
HWF_0024,Community Health Workers (number),numeric,AMR,Americas,Country,PAN,Panama,Year,2021,TRUE,,,,,,,,,,,,,158,,,,,,158,,,EN,2024-05-19T14:00:00.000Z
HWF_0024,Community Health Workers (number),numeric,AFR,Africa,Country,CAF,Central African Republic,Year,2021,TRUE,,,,,,,,,,,,,1595,,,,,,1595,,,EN,2024-05-19T14:00:00.000Z
HWF_0024,Community Health Workers (number),numeric,AFR,Africa,Country,SEN,Senegal,Year,2021,FALSE,,,,,,,,,,,,,16443,,,,,,16 443,,,EN,2024-05-19T14:00:00.000Z
HWF_0024,Community Health Workers (number),numeric,AFR,Africa,Country,BEN,Benin,Year,2021,FALSE,,,,,,,,,,,,,21,,,,,,21,,,EN,2024-05-19T14:00:00.000Z
HWF_0024,Community Health Workers (number),numeric,AFR,Africa,Country,ERI,Eritrea,Year,2021,FALSE,,,,,,,,,,,,,2626,,,,,,2626,,,EN,2024-05-19T14:00:00.000Z
HWF_0024,Community Health Workers (number),numeric,AFR,Africa,Country,BFA,Burkina Faso,Year,2021,FALSE,,,,,,,,,,,,,2947,,,,,,2947,,,EN,2024-05-19T14:00:00.000Z
HWF_0024,Community Health Workers (number),numeric,SEAR,South-East Asia,Country,IDN,Indonesia,Year,2021,FALSE,,,,,,,,,,,,,40175,,,,,,40 175,,,EN,2024-05-19T14:00:00.000Z
HWF_0024,Community Health Workers (number),numeric,AFR,Africa,Country,MDG,Madagascar,Year,2021,TRUE,,,,,,,,,,,,,41616,,,,,,41 616,,Source: AU CHW survey. Includes Agents Communautaires,EN,2024-05-19T14:00:00.000Z
HWF_0024,Community Health Workers (number),numeric,AFR,Africa,Country,ETH,Ethiopia,Year,2021,FALSE,,,,,,,,,,,,,42630,,,,,,42 630,,,EN,2024-05-19T14:00:00.000Z
HWF_0024,Community Health Workers (number),numeric,WPR,Western Pacific,Country,PNG,Papua New Guinea,Year,2021,TRUE,,,,,,,,,,,,,6690,,,,,,6690,,Reported by NHWA FP,EN,2024-05-19T14:00:00.000Z
HWF_0024,Community Health Workers (number),numeric,AFR,Africa,Country,MOZ,Mozambique,Year,2021,FALSE,,,,,,,,,,,,,7329,,,,,,7329,,,EN,2024-05-19T14:00:00.000Z
HWF_0024,Community Health Workers (number),numeric,AFR,Africa,Country,TGO,Togo,Year,2021,TRUE,,,,,,,,,,,,,7500,,,,,,7500,,,EN,2024-05-19T14:00:00.000Z
HWF_0024,Community Health Workers (number),numeric,AFR,Africa,Country,NGA,Nigeria,Year,2021,FALSE,,,,,,,,,,,,,7912,,,,,,7912,,Reported by FP Hadiza Dako,EN,2024-05-19T14:00:00.000Z
HWF_0024,Community Health Workers (number),numeric,AFR,Africa,Country,TCD,Chad,Year,2021,TRUE,,,,,,,,,,,,,8077,,,,,,8077,,les informations varient d'un service Ã  un autre donc les donnÃ©es saisies ont Ã©tÃ© supprimÃ©es.,EN,2024-05-19T14:00:00.000Z
HWF_0024,Community Health Workers (number),numeric,AFR,Africa,Country,KEN,Kenya,Year,2021,FALSE,,,,,,,,,,,,,86490,,,,,,86 490,,,EN,2024-05-19T14:00:00.000Z
HWF_0024,Community Health Workers (number),numeric,SEAR,South-East Asia,Country,IND,India,Year,2020,TRUE,,,,,,,,,,,,,1097609,,,,,,1 097 609,,,EN,2024-05-19T14:00:00.000Z
HWF_0024,Community Health Workers (number),numeric,EMR,Eastern Mediterranean,Country,MAR,Morocco,Year,2020,TRUE,,,,,,,,,,,,,1061,,,,,,1061,,"Source: AU CHW survey. (198 (PACT Project initiative en 2021) + 863 (SAMU-OR en 2017)) Includes agents de santÃ© communautaire, personne relais communautaire, agent de dÃ©veloppement communautaire, volontaire communautaire",EN,2024-05-19T14:00:00.000Z
HWF_0024,Community Health Workers (number),numeric,WPR,Western Pacific,Country,PLW,Palau,Year,2020,TRUE,,,,,,,,,,,,,11,,,,,,11,,,EN,2024-05-19T14:00:00.000Z
HWF_0024,Community Health Workers (number),numeric,AFR,Africa,Country,BDI,Burundi,Year,2020,TRUE,,,,,,,,,,,,,11845,,,,,,11 845,,"Source: AU CHW survey. Includes agents de santÃ© communautaires, abaremeshakiyago",EN,2024-05-19T14:00:00.000Z
HWF_0024,Community Health Workers (number),numeric,AFR,Africa,Country,GAB,Gabon,Year,2020,FALSE,,,,,,,,,,,,,110,,,,,,110,,,EN,2024-05-19T14:00:00.000Z
HWF_0024,Community Health Workers (number),numeric,AFR,Africa,Country,LBR,Liberia,Year,2020,TRUE,,,,,,,,,,,,,12625,,,,,,12 625,,"Source: AU CHW survey. Includes 365 community health services supervisors (CHSSs), 3760 community health assistants (CHAs), 5000 community health volunteers (CHVs) and 3500 trained traditional midwives (TTMs).",EN,2024-05-19T14:00:00.000Z
HWF_0024,Community Health Workers (number),numeric,AFR,Africa,Country,SLE,Sierra Leone,Year,2020,TRUE,,,,,,,,,,,,,13966,,,,,,13 966,,,EN,2024-05-19T14:00:00.000Z
HWF_0024,Community Health Workers (number),numeric,SEAR,South-East Asia,Country,BGD,Bangladesh,Year,2020,TRUE,,,,,,,,,,,,,148713,,,,,,148 713,,,EN,2024-05-19T14:00:00.000Z
HWF_0024,Community Health Workers (number),numeric,EMR,Eastern Mediterranean,Country,SOM,Somalia,Year,2020,TRUE,,,,,,,,,,,,,1535,,,,,,1535,,"Source: AU CHW survey. Includes Community Health Worker(PHC), female health worker at community level (house-hold)",EN,2024-05-19T14:00:00.000Z
HWF_0024,Community Health Workers (number),numeric,AFR,Africa,Country,CMR,Cameroon,Year,2020,FALSE,,,,,,,,,,,,,154,,,,,,154,,,EN,2024-05-19T14:00:00.000Z
HWF_0024,Community Health Workers (number),numeric,AFR,Africa,Country,MUS,Mauritius,Year,2020,FALSE,,,,,,,,,,,,,163,,,,,,163,,"Source: AU CHW survey. Includes Community Health Care officer, Community Based Rehabilitation Officer, Motivator (COmmunity Health ), Community Health Development Officer, senior community health officer, community health rehabilitation officer, principal community health care officer, senior community health care officer, community health care officer, motivator (community health), community health development motivator",EN,2024-05-19T14:00:00.000Z
HWF_0024,Community Health Workers (number),numeric,AFR,Africa,Country,NER,Niger,Year,2020,FALSE,,,,,,,,,,,,,21429,,,,,,21 429,,"Source: AU CHW survey. Includes Relais Communautaires, community mediator, peer educator, community facilitator",EN,2024-05-19T14:00:00.000Z
HWF_0024,Community Health Workers (number),numeric,SEAR,South-East Asia,Country,MDV,Maldives,Year,2020,TRUE,,,,,,,,,,,,,224,,,,,,224,,,EN,2024-05-19T14:00:00.000Z
HWF_0024,Community Health Workers (number),numeric,AMR,Americas,Country,GTM,Guatemala,Year,2020,TRUE,,,,,,,,,,,,,225,,,,,,225,,Personal tÃ©cnico no universitario registrado durante los Ãºltimos 10 aÃ±os -TSR-. Departamento de FormaciÃ³n de Recursos Humanos. Ministerio de Salud PÃºblica y Asistencia Social.,EN,2024-05-19T14:00:00.000Z
HWF_0024,Community Health Workers (number),numeric,AFR,Africa,Country,AGO,Angola,Year,2020,FALSE,,,,,,,,,,,,,2652,,,,,,2652,,Source: AU CHW survey. Includes agentes de desenvolvimento comunitÃ¡rio e sanitÃ¡rio/agent de dÃ©vellopeent communautaire et sanitaire,EN,2024-05-19T14:00:00.000Z
HWF_0024,Community Health Workers (number),numeric,AFR,Africa,Country,SSD,South Sudan,Year,2020,TRUE,,,,,,,,,,,,,2826,,,,,,2826,,Source: AU CHW survey. Includes Boma health workers.,EN,2024-05-19T14:00:00.000Z
HWF_0024,Community Health Workers (number),numeric,AFR,Africa,Country,BFA,Burkina Faso,Year,2020,FALSE,,,,,,,,,,,,,2923,,,,,,2923,,,EN,2024-05-19T14:00:00.000Z
HWF_0024,Community Health Workers (number),numeric,EUR,Europe,Country,ISR,Israel,Year,2020,FALSE,,,,,,,,,,,,,300,,,,,,300,,,EN,2024-05-19T14:00:00.000Z
HWF_0024,Community Health Workers (number),numeric,AFR,Africa,Country,MLI,Mali,Year,2020,TRUE,,,,,,,,,,,,,3303,,,,,,3303,,Source: AU CHW survey. Includes Soins Essentiels dans la CommunautÃ© (SEC),EN,2024-05-19T14:00:00.000Z
HWF_0024,Community Health Workers (number),numeric,AFR,Africa,Country,GNB,Guinea-Bissau,Year,2020,FALSE,,,,,,,,,,,,,3711,,,,,,3711,,,EN,2024-05-19T14:00:00.000Z
HWF_0024,Community Health Workers (number),numeric,AFR,Africa,Country,MDG,Madagascar,Year,2020,FALSE,,,,,,,,,,,,,41616,,,,,,41 616,,,EN,2024-05-19T14:00:00.000Z
HWF_0024,Community Health Workers (number),numeric,AFR,Africa,Country,ZMB,Zambia,Year,2020,FALSE,,,,,,,,,,,,,41669,,,,,,41 669,,Source: AU CHW survey. Includes 1669 community health assistants (formal) and an estimated 40000 community based volunteers (informal)  Source: National Community Health Strategy (2019-2021) https://chwcentral.org/wp-content/uploads/2021/04/Zambia_Nat'l_Community_Health_Strategy_2019-2021.pdf,EN,2024-05-19T14:00:00.000Z
HWF_0024,Community Health Workers (number),numeric,AFR,Africa,Country,ETH,Ethiopia,Year,2020,FALSE,,,,,,,,,,,,,42630,,,,,,42 630,,,EN,2024-05-19T14:00:00.000Z
HWF_0024,Community Health Workers (number),numeric,SEAR,South-East Asia,Country,TLS,Timor-Leste,Year,2020,TRUE,,,,,,,,,,,,,4450,,,,,,4450,,,EN,2024-05-19T14:00:00.000Z
HWF_0024,Community Health Workers (number),numeric,SEAR,South-East Asia,Country,IDN,Indonesia,Year,2020,FALSE,,,,,,,,,,,,,45709,,,,,,45 709,,,EN,2024-05-19T14:00:00.000Z
HWF_0024,Community Health Workers (number),numeric,EUR,Europe,Country,CYP,Cyprus,Year,2020,TRUE,,,,,,,,,,,,,51,,,,,,51,,,EN,2024-05-19T14:00:00.000Z
HWF_0024,Community Health Workers (number),numeric,SEAR,South-East Asia,Country,NPL,Nepal,Year,2020,TRUE,,,,,,,,,,,,,51240,,,,,,51 240,,"Source: Data for female community health volunteers from Nepal Country Profile, UNICEF ROSA CHW evaluation. https://www.unicef.org/rosa/documents/formative-evaluation-community-health-workers-policies-and-programmes",EN,2024-05-19T14:00:00.000Z
HWF_0024,Community Health Workers (number),numeric,AFR,Africa,Country,SWZ,Eswatini,Year,2020,TRUE,,,,,,,,,,,,,5386,,,,,,5386,,"Source: AU CHW survey. Includes Community health workers, rural health mothers, community mentor mothers, community expert client, home visitors, mentors, active tuberculosis case finders, home based care givers, community service providers for gender based violence and other social services",EN,2024-05-19T14:00:00.000Z
HWF_0024,Community Health Workers (number),numeric,AFR,Africa,Country,RWA,Rwanda,Year,2020,TRUE,,,,,,,,,,,,,58567,,,,,,58 567,,"Source: AU CHW survey. Includes Maternal and newborn health in charge, binomes (under5 treatment), health promotor",EN,2024-05-19T14:00:00.000Z
HWF_0024,Community Health Workers (number),numeric,AFR,Africa,Country,TCD,Chad,Year,2020,FALSE,,,,,,,,,,,,,592,,,,,,592,,,EN,2024-05-19T14:00:00.000Z
HWF_0024,Community Health Workers (number),numeric,AFR,Africa,Country,ERI,Eritrea,Year,2020,FALSE,,,,,,,,,,,,,6000,,,,,,6000,,"Source: AU CHW survey. Estimated value. Includes Barefoot Doctors, community IMNCI providers, community-based therapeutic feeding agents, malaria agents, maternal health agents, tb promotors, WASH promotors, peer coordinators, peer facilitators, health promotors",EN,2024-05-19T14:00:00.000Z
HWF_0024,Community Health Workers (number),numeric,AFR,Africa,Country,MOZ,Mozambique,Year,2020,FALSE,,,,,,,,,,,,,6696,,,,,,6696,,,EN,2024-05-19T14:00:00.000Z
HWF_0024,Community Health Workers (number),numeric,AFR,Africa,Country,TGO,Togo,Year,2020,FALSE,,,,,,,,,,,,,7386,,,,,,7386,,"Source: AU CHW survey. Includes volontaire, mÃ©diateurs communautaires, distributeurs communautaires",EN,2024-05-19T14:00:00.000Z
HWF_0024,Community Health Workers (number),numeric,AMR,Americas,Country,PAN,Panama,Year,2020,FALSE,,,,,,,,,,,,,816,,,,,,816,,,EN,2024-05-19T14:00:00.000Z
HWF_0024,Community Health Workers (number),numeric,AFR,Africa,Country,KEN,Kenya,Year,2020,FALSE,,,,,,,,,,,,,91653,,,,,,91 653,,Source: Kenya National Community Health Strategy 2020-25. Includes 3250 community health assistants and community health officers and 88403 community health volunteers,EN,2024-05-19T14:00:00.000Z
HWF_0024,Community Health Workers (number),numeric,AFR,Africa,Country,SEN,Senegal,Year,2019,FALSE,,,,,,,,,,,,,1116,,,,,,1116,,Source: SoWMY-Excel,EN,2024-05-19T14:00:00.000Z
HWF_0024,Community Health Workers (number),numeric,AFR,Africa,Country,NGA,Nigeria,Year,2019,FALSE,,,,,,,,,,,,,116454,,,,,,116 454,,,EN,2024-05-19T14:00:00.000Z
HWF_0024,Community Health Workers (number),numeric,AFR,Africa,Country,GAB,Gabon,Year,2019,FALSE,,,,,,,,,,,,,117,,,,,,117,,,EN,2024-05-19T14:00:00.000Z
HWF_0024,Community Health Workers (number),numeric,SEAR,South-East Asia,Country,BGD,Bangladesh,Year,2019,FALSE,,,,,,,,,,,,,118145,,,,,,118 145,,"Includes 68145 CHWs from Govt of Bangladesh (19583 family welfare assistants, 15213 health assistants, 12293 community health care providers, 21056 multipurpose health volunteers) and 50000 CHWs from BRAC.  Source: Bangladesh Country Profile. UNICEF ROSA CHW evaluation. https://www.unicef.org/rosa/documents/formative-evaluation-community-health-workers-policies-and-programmes",EN,2024-05-19T14:00:00.000Z
HWF_0024,Community Health Workers (number),numeric,AFR,Africa,Country,SLE,Sierra Leone,Year,2019,FALSE,,,,,,,,,,,,,15000,,,,,,15 000,,,EN,2024-05-19T14:00:00.000Z
HWF_0024,Community Health Workers (number),numeric,EUR,Europe,Country,ISR,Israel,Year,2019,FALSE,,,,,,,,,,,,,150,,,,,,150,,,EN,2024-05-19T14:00:00.000Z
HWF_0024,Community Health Workers (number),numeric,AFR,Africa,Country,UGA,Uganda,Year,2019,TRUE,,,,,,,,,,,,,179000,,,,,,179 000,,Source: Ministry of Health (2019). Community Health Roadmap. https://static1.squarespace.com/static/5bb6ac499d4149304f7ef3f5/t/5d8a5a9db47a190fe2846791/1569348261208/Uganda+CH+Roadmap_Updated+20+September_FINAL.pdf,EN,2024-05-19T14:00:00.000Z
HWF_0024,Community Health Workers (number),numeric,EMR,Eastern Mediterranean,Country,PAK,Pakistan,Year,2019,TRUE,,,,,,,,,,,,,18009,,,,,,18 009,,Source: SoWMY-Excel Comment: Community Health Workers (Lady Health Visitors LHV)  and Community Health Workers (Family Welfare Workers FWW),EN,2024-05-19T14:00:00.000Z
HWF_0024,Community Health Workers (number),numeric,AFR,Africa,Country,ZMB,Zambia,Year,2019,FALSE,,,,,,,,,,,,,1846,,,,,,1846,,Data reported by Zambia to SADC and WHO in June 2022,EN,2024-05-19T14:00:00.000Z
HWF_0024,Community Health Workers (number),numeric,AMR,Americas,Country,PRY,Paraguay,Year,2019,FALSE,,,,,,,,,,,,,1877,,,,,,1877,,Source: SoWMY- Excel,EN,2024-05-19T14:00:00.000Z
HWF_0024,Community Health Workers (number),numeric,SEAR,South-East Asia,Country,MDV,Maldives,Year,2019,FALSE,,,,,,,,,,,,,215,,,,,,215,,,EN,2024-05-19T14:00:00.000Z
HWF_0024,Community Health Workers (number),numeric,EUR,Europe,Country,MDA,Republic of Moldova,Year,2019,TRUE,,,,,,,,,,,,,228,,,,,,228,,,EN,2024-05-19T14:00:00.000Z
HWF_0024,Community Health Workers (number),numeric,WPR,Western Pacific,Country,PHL,Philippines,Year,2019,TRUE,,,,,,,,,,,,,248584,,,,,,248 584,,"Source:  Field Health Services Information Systems (FHSIS), 2018    Definition:  Barangay Health Workers  Based on the Republic Act No. 7883, known as the Barangay Health Workersâ€™ Benefits and Incentives Act of 1995, a barangay health worker refers to a person who has undergone training programs under any accredited government and non-government organization and who voluntarily renders primary health care services in the community after having been accredited to function as such by the local health board in accordance with the guidelines promulgated by the Department of Health (DOH).    Computation:  Total number of active Barangay Health Workers as reported in the FHSIS 2018",EN,2024-05-19T14:00:00.000Z
HWF_0024,Community Health Workers (number),numeric,AMR,Americas,Country,PAN,Panama,Year,2019,FALSE,,,,,,,,,,,,,272,,,,,,272,,,EN,2024-05-19T14:00:00.000Z
HWF_0024,Community Health Workers (number),numeric,AMR,Americas,Country,DOM,Dominican Republic,Year,2019,TRUE,,,,,,,,,,,,,2726,,,,,,2726,,Reported by NHWA FP,EN,2024-05-19T14:00:00.000Z
HWF_0024,Community Health Workers (number),numeric,AMR,Americas,Country,BRA,Brazil,Year,2019,TRUE,,,,,,,,,,,,,281207,,,,,,281 207,,Brazilian Classification of Ocupation:   5151-05    The professioanls doesn't reccieve a technical training.   Source; MOH/CNES,EN,2024-05-19T14:00:00.000Z
HWF_0024,Community Health Workers (number),numeric,AFR,Africa,Country,BFA,Burkina Faso,Year,2019,FALSE,,,,,,,,,,,,,2979,,,,,,2979,,,EN,2024-05-19T14:00:00.000Z
HWF_0024,Community Health Workers (number),numeric,AMR,Americas,Country,ATG,Antigua and Barbuda,Year,2019,TRUE,,,,,,,,,,,,,34,,,,,,34,,Source:SoWMY-Excel,EN,2024-05-19T14:00:00.000Z
HWF_0024,Community Health Workers (number),numeric,AFR,Africa,Country,MDG,Madagascar,Year,2019,FALSE,,,,,,,,,,,,,38338,,,,,,38 338,,Source: AU CHW survey. Includes Agents Communautaires. Estimated value.,EN,2024-05-19T14:00:00.000Z
HWF_0024,Community Health Workers (number),numeric,SEAR,South-East Asia,Country,THA,Thailand,Year,2019,TRUE,,,,,,,,,,,,,39928,,,,,,39 928,,,EN,2024-05-19T14:00:00.000Z
HWF_0024,Community Health Workers (number),numeric,WPR,Western Pacific,Country,PNG,Papua New Guinea,Year,2019,FALSE,,,,,,,,,,,,,4532,,,,,,4532,,,EN,2024-05-19T14:00:00.000Z
HWF_0024,Community Health Workers (number),numeric,SEAR,South-East Asia,Country,NPL,Nepal,Year,2019,FALSE,,,,,,,,,,,,,50166,,,,,,50 166,,"Source: Data for female community health volunteers from Nepal Country Profile, UNICEF ROSA CHW evaluation. https://www.unicef.org/rosa/documents/formative-evaluation-community-health-workers-policies-and-programmes",EN,2024-05-19T14:00:00.000Z
HWF_0024,Community Health Workers (number),numeric,EUR,Europe,Country,HUN,Hungary,Year,2019,TRUE,,,,,,,,,,,,,5335,,,,,,5335,,Source: SoWMY-Excel,EN,2024-05-19T14:00:00.000Z
HWF_0024,Community Health Workers (number),numeric,SEAR,South-East Asia,Country,IDN,Indonesia,Year,2019,FALSE,,,,,,,,,,,,,54704,,,,,,54 704,,,EN,2024-05-19T14:00:00.000Z
HWF_0024,Community Health Workers (number),numeric,AFR,Africa,Country,MOZ,Mozambique,Year,2019,FALSE,,,,,,,,,,,,,6632,,,,,,6632,,,EN,2024-05-19T14:00:00.000Z
HWF_0024,Community Health Workers (number),numeric,WPR,Western Pacific,Country,LAO,Lao People's Democratic Republic,Year,2019,TRUE,,,,,,,,,,,,,75,,,,,,75,,Source: SoWMY-Excel,EN,2024-05-19T14:00:00.000Z
HWF_0024,Community Health Workers (number),numeric,AFR,Africa,Country,SSD,South Sudan,Year,2019,FALSE,,,,,,,,,,,,,850,,,,,,850,,,EN,2024-05-19T14:00:00.000Z
HWF_0024,Community Health Workers (number),numeric,EUR,Europe,Country,CYP,Cyprus,Year,2019,FALSE,,,,,,,,,,,,,99,,,,,,99,,Source: SoWMY-Excel,EN,2024-05-19T14:00:00.000Z
HWF_0024,Community Health Workers (number),numeric,SEAR,South-East Asia,Country,THA,Thailand,Year,2018,FALSE,,,,,,,,,,,,,1064434,,,,,,1 064 434,,,EN,2024-05-19T14:00:00.000Z
HWF_0024,Community Health Workers (number),numeric,AFR,Africa,Country,MWI,Malawi,Year,2018,FALSE,,,,,,,,,,,,,10016,,,,,,10 016,,"Source:The state of the health workforce in the WHO African Region, 2021 report",EN,2024-05-19T14:00:00.000Z
HWF_0024,Community Health Workers (number),numeric,EUR,Europe,Country,ISR,Israel,Year,2018,FALSE,,,,,,,,,,,,,100,,,,,,100,,,EN,2024-05-19T14:00:00.000Z
HWF_0024,Community Health Workers (number),numeric,AFR,Africa,Country,BDI,Burundi,Year,2018,FALSE,,,,,,,,,,,,,11845,,,,,,11 845,,"Source:The state of the health workforce in the WHO African Region, 2021 report",EN,2024-05-19T14:00:00.000Z
HWF_0024,Community Health Workers (number),numeric,AMR,Americas,Country,JAM,Jamaica,Year,2018,TRUE,,,,,,,,,,,,,1106,,,,,,1106,,Reported by NHWA FP,EN,2024-05-19T14:00:00.000Z
HWF_0024,Community Health Workers (number),numeric,AFR,Africa,Country,CAF,Central African Republic,Year,2018,FALSE,,,,,,,,,,,,,115,,,,,,115,,"Source:The state of the health workforce in the WHO African Region, 2021 report",EN,2024-05-19T14:00:00.000Z
HWF_0024,Community Health Workers (number),numeric,SEAR,South-East Asia,Country,BTN,Bhutan,Year,2018,TRUE,,,,,,,,,,,,,1150,,,,,,1150,,"Source: Data for village health workers from Bhutan Country Profile, UNICEF ROSA CHW evaluation. https://www.unicef.org/rosa/documents/formative-evaluation-community-health-workers-policies-and-programmes",EN,2024-05-19T14:00:00.000Z
HWF_0024,Community Health Workers (number),numeric,AFR,Africa,Country,MLI,Mali,Year,2018,FALSE,,,,,,,,,,,,,1152,,,,,,1152,,"Source:The state of the health workforce in the WHO African Region, 2021 report",EN,2024-05-19T14:00:00.000Z
HWF_0024,Community Health Workers (number),numeric,AFR,Africa,Country,NGA,Nigeria,Year,2018,FALSE,,,,,,,,,,,,,116454,,,,,,116 454,,,EN,2024-05-19T14:00:00.000Z
HWF_0024,Community Health Workers (number),numeric,AFR,Africa,Country,CPV,Cabo Verde,Year,2018,FALSE,,,,,,,,,,,,,117,,,,,,117,,"Source:The state of the health workforce in the WHO African Region, 2021 report",EN,2024-05-19T14:00:00.000Z
HWF_0024,Community Health Workers (number),numeric,AFR,Africa,Country,ZMB,Zambia,Year,2018,FALSE,,,,,,,,,,,,,1283,,,,,,1283,,Data reported by Zambia to SADC and WHO in June 2022,EN,2024-05-19T14:00:00.000Z
HWF_0024,Community Health Workers (number),numeric,AFR,Africa,Country,LSO,Lesotho,Year,2018,FALSE,,,,,,,,,,,,,14508,,,,,,14 508,,"Source:The state of the health workforce in the WHO African Region, 2021 report",EN,2024-05-19T14:00:00.000Z
HWF_0024,Community Health Workers (number),numeric,AFR,Africa,Country,CIV,Cote d'Ivoire,Year,2018,TRUE,,,,,,,,,,,,,14556,,,,,,14 556,,"Source:The state of the health workforce in the WHO African Region, 2021 report",EN,2024-05-19T14:00:00.000Z
HWF_0024,Community Health Workers (number),numeric,AFR,Africa,Country,SSD,South Sudan,Year,2018,FALSE,,,,,,,,,,,,,1455,,,,,,1455,,"Source:The state of the health workforce in the WHO African Region, 2021 report",EN,2024-05-19T14:00:00.000Z
HWF_0024,Community Health Workers (number),numeric,AFR,Africa,Country,GHA,Ghana,Year,2018,TRUE,,,,,,,,,,,,,15820,,,,,,15 820,,"Source:The state of the health workforce in the WHO African Region, 2021 report",EN,2024-05-19T14:00:00.000Z
HWF_0024,Community Health Workers (number),numeric,AFR,Africa,Country,ZWE,Zimbabwe,Year,2018,FALSE,,,,,,,,,,,,,15888,,,,,,15 888,,Source : HRH Country Profile 2013-2018,EN,2024-05-19T14:00:00.000Z
HWF_0024,Community Health Workers (number),numeric,AFR,Africa,Country,GMB,Gambia,Year,2018,TRUE,,,,,,,,,,,,,1553,,,,,,1553,,"Source:The state of the health workforce in the WHO African Region, 2021 report",EN,2024-05-19T14:00:00.000Z
HWF_0024,Community Health Workers (number),numeric,AFR,Africa,Country,GIN,Guinea,Year,2018,TRUE,,,,,,,,,,,,,16567,,,,,,16 567,,"Source:The state of the health workforce in the WHO African Region, 2021 report",EN,2024-05-19T14:00:00.000Z
HWF_0024,Community Health Workers (number),numeric,AMR,Americas,Country,PAN,Panama,Year,2018,FALSE,,,,,,,,,,,,,160,,,,,,160,,,EN,2024-05-19T14:00:00.000Z
HWF_0024,Community Health Workers (number),numeric,AFR,Africa,Country,AGO,Angola,Year,2018,FALSE,,,,,,,,,,,,,1680,,,,,,1680,,"Source:The state of the health workforce in the WHO African Region, 2021 report",EN,2024-05-19T14:00:00.000Z
HWF_0024,Community Health Workers (number),numeric,AFR,Africa,Country,SEN,Senegal,Year,2018,FALSE,,,,,,,,,,,,,17417,,,,,,17 417,,"Source:The state of the health workforce in the WHO African Region, 2021 report",EN,2024-05-19T14:00:00.000Z
HWF_0024,Community Health Workers (number),numeric,AFR,Africa,Country,MUS,Mauritius,Year,2018,FALSE,,,,,,,,,,,,,180,,,,,,180,,"Source:The state of the health workforce in the WHO African Region, 2021 report",EN,2024-05-19T14:00:00.000Z
HWF_0024,Community Health Workers (number),numeric,AFR,Africa,Country,NAM,Namibia,Year,2018,TRUE,,,,,,,,,,,,,2292,,,,,,2292,,"Source:The state of the health workforce in the WHO African Region, 2021 report",EN,2024-05-19T14:00:00.000Z
HWF_0024,Community Health Workers (number),numeric,AFR,Africa,Country,ERI,Eritrea,Year,2018,FALSE,,,,,,,,,,,,,243,,,,,,243,,"Source:The state of the health workforce in the WHO African Region, 2021 report",EN,2024-05-19T14:00:00.000Z
HWF_0024,Community Health Workers (number),numeric,EMR,Eastern Mediterranean,Country,AFG,Afghanistan,Year,2018,TRUE,,,,,,,,,,,,,29581,,,,,,29 581,,Estimated total from sum of CHW stock from all the subnational units. Source: Afghanistan HRH Country Profile. Section A2 Provincial Profile.,EN,2024-05-19T14:00:00.000Z
HWF_0024,Community Health Workers (number),numeric,AFR,Africa,Country,LBR,Liberia,Year,2018,FALSE,,,,,,,,,,,,,3391,,,,,,3391,,"Source:The state of the health workforce in the WHO African Region, 2021 report",EN,2024-05-19T14:00:00.000Z
HWF_0024,Community Health Workers (number),numeric,AFR,Africa,Country,GNB,Guinea-Bissau,Year,2018,FALSE,,,,,,,,,,,,,3481,,,,,,3481,,"Source:The state of the health workforce in the WHO African Region, 2021 report",EN,2024-05-19T14:00:00.000Z
HWF_0024,Community Health Workers (number),numeric,AFR,Africa,Country,MDG,Madagascar,Year,2018,FALSE,,,,,,,,,,,,,35000,,,,,,35 000,,"Source:The state of the health workforce in the WHO African Region, 2021 report",EN,2024-05-19T14:00:00.000Z
HWF_0024,Community Health Workers (number),numeric,AFR,Africa,Country,ETH,Ethiopia,Year,2018,FALSE,,,,,,,,,,,,,37259,,,,,,37 259,,"Source:The state of the health workforce in the WHO African Region, 2021 report",EN,2024-05-19T14:00:00.000Z
HWF_0024,Community Health Workers (number),numeric,WPR,Western Pacific,Country,PNG,Papua New Guinea,Year,2018,FALSE,,,,,,,,,,,,,4469,,,,,,4469,,"Source: HR Manager, National Department of Health",EN,2024-05-19T14:00:00.000Z
HWF_0024,Community Health Workers (number),numeric,AFR,Africa,Country,RWA,Rwanda,Year,2018,FALSE,,,,,,,,,,,,,45000,,,,,,45 000,,"Source:The state of the health workforce in the WHO African Region, 2021 report",EN,2024-05-19T14:00:00.000Z
HWF_0024,Community Health Workers (number),numeric,EMR,Eastern Mediterranean,Country,SAU,Saudi Arabia,Year,2018,TRUE,,,,,,,,,,,,,4627,,,,,,4627,,,EN,2024-05-19T14:00:00.000Z
HWF_0024,Community Health Workers (number),numeric,AFR,Africa,Country,MOZ,Mozambique,Year,2018,FALSE,,,,,,,,,,,,,4787,,,,,,4787,,,EN,2024-05-19T14:00:00.000Z
HWF_0024,Community Health Workers (number),numeric,AFR,Africa,Country,SLE,Sierra Leone,Year,2018,FALSE,,,,,,,,,,,,,505,,,,,,505,,"Source:The state of the health workforce in the WHO African Region, 2021 report",EN,2024-05-19T14:00:00.000Z
HWF_0024,Community Health Workers (number),numeric,AFR,Africa,Country,ZAF,South Africa,Year,2018,FALSE,,,,,,,,,,,,,54180,,,,,,54 180,,"Source:The state of the health workforce in the WHO African Region, 2021 report",EN,2024-05-19T14:00:00.000Z
HWF_0024,Community Health Workers (number),numeric,SEAR,South-East Asia,Country,BGD,Bangladesh,Year,2018,FALSE,,,,,,,,,,,,,55136,,,,,,55 136,,Includes: Community Health Care Provider (CHCP) 13622 Health Assistant (HA) 15420 Family Welfare Assistant 17308 Assistant Health Inspector 3636 Health Inspector 1047 Family Planning Inspector 4103 Confirmed with Dr Nuruzzaman (Masahiro SEARO 4 Dec 2019),EN,2024-05-19T14:00:00.000Z
HWF_0024,Community Health Workers (number),numeric,AFR,Africa,Country,KEN,Kenya,Year,2018,FALSE,,,,,,,,,,,,,58079,,,,,,58 079,,,EN,2024-05-19T14:00:00.000Z
HWF_0024,Community Health Workers (number),numeric,AFR,Africa,Country,SWZ,Eswatini,Year,2018,FALSE,,,,,,,,,,,,,6324,,,,,,6324,,"Source:The state of the health workforce in the WHO African Region, 2021 report",EN,2024-05-19T14:00:00.000Z
HWF_0024,Community Health Workers (number),numeric,SEAR,South-East Asia,Country,IDN,Indonesia,Year,2018,FALSE,,,,,,,,,,,,,66202,,,,,,66 202,,,EN,2024-05-19T14:00:00.000Z
HWF_0024,Community Health Workers (number),numeric,AFR,Africa,Country,TGO,Togo,Year,2018,FALSE,,,,,,,,,,,,,7086,,,,,,7086,,Public and private,EN,2024-05-19T14:00:00.000Z
HWF_0024,Community Health Workers (number),numeric,AMR,Americas,Country,AIA,Anguilla,Year,2018,TRUE,,,,,,,,,,,,,8,,,,,,8,,,EN,2024-05-19T14:00:00.000Z
HWF_0024,Community Health Workers (number),numeric,EMR,Eastern Mediterranean,Country,EGY,Egypt,Year,2018,TRUE,,,,,,,,,,,,,963,,,,,,963,,,EN,2024-05-19T14:00:00.000Z
HWF_0024,Community Health Workers (number),numeric,SEAR,South-East Asia,Country,IND,India,Year,2018,FALSE,,,,,,,,,,,,,970676,,,,,,970 676,,,EN,2024-05-19T14:00:00.000Z
HWF_0024,Community Health Workers (number),numeric,AFR,Africa,Country,ZWE,Zimbabwe,Year,2017,FALSE,,,,,,,,,,,,,15000,,,,,,15 000,,,EN,2024-05-19T14:00:00.000Z
HWF_0024,Community Health Workers (number),numeric,AFR,Africa,Country,GHA,Ghana,Year,2017,FALSE,,,,,,,,,,,,,15456,,,,,,15 456,,Only community health nurses Source:THE HEALTH SECTOR IN GHANA FACTS AND FIGURES 2018,EN,2024-05-19T14:00:00.000Z
HWF_0024,Community Health Workers (number),numeric,AMR,Americas,Country,PAN,Panama,Year,2017,FALSE,,,,,,,,,,,,,161,,,,,,161,,,EN,2024-05-19T14:00:00.000Z
HWF_0024,Community Health Workers (number),numeric,AFR,Africa,Country,MOZ,Mozambique,Year,2017,FALSE,,,,,,,,,,,,,1991,,,,,,1991,,,EN,2024-05-19T14:00:00.000Z
HWF_0024,Community Health Workers (number),numeric,EUR,Europe,Country,ISR,Israel,Year,2017,FALSE,,,,,,,,,,,,,200,,,,,,200,,,EN,2024-05-19T14:00:00.000Z
HWF_0024,Community Health Workers (number),numeric,AFR,Africa,Country,BFA,Burkina Faso,Year,2017,FALSE,,,,,,,,,,,,,2749,,,,,,2749,,,EN,2024-05-19T14:00:00.000Z
HWF_0024,Community Health Workers (number),numeric,AMR,Americas,Country,BRA,Brazil,Year,2017,FALSE,,,,,,,,,,,,,436590,,,,,,436 590,,"Includes Community Health Workers.  Data Source: Estimated health workforce from Labour Force Survey, ILO 2018",EN,2024-05-19T14:00:00.000Z
HWF_0024,Community Health Workers (number),numeric,AFR,Africa,Country,SEN,Senegal,Year,2017,FALSE,,,,,,,,,,,,,5,,,,,,5,,Source: IHRIS et Annuaire national RHS,EN,2024-05-19T14:00:00.000Z
HWF_0024,Community Health Workers (number),numeric,AFR,Africa,Country,TGO,Togo,Year,2017,FALSE,,,,,,,,,,,,,7545,,,,,,7545,,Public and private,EN,2024-05-19T14:00:00.000Z
HWF_0024,Community Health Workers (number),numeric,EMR,Eastern Mediterranean,Country,MAR,Morocco,Year,2017,FALSE,,,,,,,,,,,,,863,,,,,,863,,"Source: AU CHW survey. Includes agents de santÃ© communautaire, personne relais communautaire, agent de dÃ©veloppement communautaire, volontaire communautaire",EN,2024-05-19T14:00:00.000Z
HWF_0024,Community Health Workers (number),numeric,SEAR,South-East Asia,Country,THA,Thailand,Year,2016,FALSE,,,,,,,,,,,,,13006,,,,,,13 006,,"Includes Community Health Workers.  Data Source: Estimated health workforce from Labour Force Survey, ILO 2018",EN,2024-05-19T14:00:00.000Z
HWF_0024,Community Health Workers (number),numeric,SEAR,South-East Asia,Country,MDV,Maldives,Year,2016,FALSE,,,,,,,,,,,,,158,,,,,,158,,,EN,2024-05-19T14:00:00.000Z
HWF_0024,Community Health Workers (number),numeric,AMR,Americas,Country,PAN,Panama,Year,2016,FALSE,,,,,,,,,,,,,215,,,,,,215,,,EN,2024-05-19T14:00:00.000Z
HWF_0024,Community Health Workers (number),numeric,EMR,Eastern Mediterranean,Country,AFG,Afghanistan,Year,2016,FALSE,,,,,,,,,,,,,28580,,,,,,28 580,,"Source: Afghanistan Country Profile, UNICEF ROSA CHW evaluation. https://www.unicef.org/rosa/documents/formative-evaluation-community-health-workers-policies-and-programmes",EN,2024-05-19T14:00:00.000Z
HWF_0024,Community Health Workers (number),numeric,EMR,Eastern Mediterranean,Country,IRN,Iran (Islamic Republic of),Year,2016,TRUE,,,,,,,,,,,,,30000,,,,,,30 000,,Source: Iran case study. USAID MCHIP Case Studies of Large-Scale Community Health Worker Programs (January 2017),EN,2024-05-19T14:00:00.000Z
HWF_0024,Community Health Workers (number),numeric,EUR,Europe,Country,ISR,Israel,Year,2016,FALSE,,,,,,,,,,,,,300,,,,,,300,,,EN,2024-05-19T14:00:00.000Z
HWF_0024,Community Health Workers (number),numeric,WPR,Western Pacific,Country,MNG,Mongolia,Year,2016,TRUE,,,,,,,,,,,,,302,,,,,,302,,"Includes Community Health Workers.  Data Source: Estimated health workforce from Labour Force Survey, ILO 2018",EN,2024-05-19T14:00:00.000Z
HWF_0024,Community Health Workers (number),numeric,AFR,Africa,Country,SEN,Senegal,Year,2016,FALSE,,,,,,,,,,,,,5,,,,,,5,,Includes Community Health Workers .,EN,2024-05-19T14:00:00.000Z
HWF_0024,Community Health Workers (number),numeric,AMR,Americas,Country,SLV,El Salvador,Year,2016,FALSE,,,,,,,,,,,,,5419,,,,,,5419,,"Includes Community Health Workers.  Data Source: Estimated health workforce from Labour Force Survey, ILO 2018",EN,2024-05-19T14:00:00.000Z
HWF_0024,Community Health Workers (number),numeric,AFR,Africa,Country,SLE,Sierra Leone,Year,2016,FALSE,,,,,,,,,,,,,621,,,,,,621,,Source: Human Resources for Health Country Profile Sierra Leone Country Profile,EN,2024-05-19T14:00:00.000Z
HWF_0024,Community Health Workers (number),numeric,AFR,Africa,Country,GIN,Guinea,Year,2016,FALSE,,,,,,,,,,,,,6700,,,,,,6700,,Includes Community Health Workers .,EN,2024-05-19T14:00:00.000Z
HWF_0024,Community Health Workers (number),numeric,AMR,Americas,Country,HND,Honduras,Year,2016,TRUE,,,,,,,,,,,,,7114,,,,,,7114,,"Includes Community Health Workers.  Data Source: Estimated health workforce from Labour Force Survey, ILO 2018",EN,2024-05-19T14:00:00.000Z
HWF_0024,Community Health Workers (number),numeric,EUR,Europe,Country,SRB,Serbia,Year,2016,TRUE,,,,,,,,,,,,,887,,,,,,887,,"Includes Community Health Workers.  Data Source: Estimated health workforce from Labour Force Survey, ILO 2018",EN,2024-05-19T14:00:00.000Z
HWF_0024,Community Health Workers (number),numeric,AMR,Americas,Country,JAM,Jamaica,Year,2016,FALSE,,,,,,,,,,,,,893,,,,,,893,,Includes Community Health Workers .,EN,2024-05-19T14:00:00.000Z
HWF_0024,Community Health Workers (number),numeric,AMR,Americas,Country,ECU,Ecuador,Year,2015,TRUE,,,,,,,,,,,,,1054,,,,,,1054,,"Includes Community Health Workers.  Data Source: Estimated health workforce from Labour Force Survey, ILO 2018",EN,2024-05-19T14:00:00.000Z
HWF_0024,Community Health Workers (number),numeric,AFR,Africa,Country,ZWE,Zimbabwe,Year,2015,FALSE,,,,,,,,,,,,,11200,,,,,,11 200,,,EN,2024-05-19T14:00:00.000Z
HWF_0024,Community Health Workers (number),numeric,AMR,Americas,Country,PAN,Panama,Year,2015,FALSE,,,,,,,,,,,,,154,,,,,,154,,,EN,2024-05-19T14:00:00.000Z
HWF_0024,Community Health Workers (number),numeric,EMR,Eastern Mediterranean,Country,PAK,Pakistan,Year,2015,FALSE,,,,,,,,,,,,,16448,,,,,,16 448,,Includes Community Health Workers .,EN,2024-05-19T14:00:00.000Z
HWF_0024,Community Health Workers (number),numeric,WPR,Western Pacific,Country,NRU,Nauru,Year,2015,TRUE,,,,,,,,,,,,,17,,,,,,17,,Includes Community health workers.  Data Source: Ministry of Health & Medical Services,EN,2024-05-19T14:00:00.000Z
HWF_0024,Community Health Workers (number),numeric,AFR,Africa,Country,UGA,Uganda,Year,2015,FALSE,,,,,,,,,,,,,179175,,,,,,179 175,,Source: Ministry of Health (2015).  National Village Health Teams (VHT) Assessment in Uganda.,EN,2024-05-19T14:00:00.000Z
HWF_0024,Community Health Workers (number),numeric,SEAR,South-East Asia,Country,MMR,Myanmar,Year,2015,TRUE,,,,,,,,,,,,,2326,,,,,,2326,,"Includes Community Health Workers.  Data Source: Estimated health workforce from Labour Force Survey, ILO 2018",EN,2024-05-19T14:00:00.000Z
HWF_0024,Community Health Workers (number),numeric,AFR,Africa,Country,GIN,Guinea,Year,2015,FALSE,,,,,,,,,,,,,6700,,,,,,6700,,"Source :COMPTES NATIONAUX DES PERSONNELS DE SANTÃ‰ (CNPS) GUINEE PrÃ©sentÃ© par:  Dr Mohamed FAZA DIALLO, Chef Service Formation & Perfectionnement MSHP Dr MARA Karifa, Conseiller chargÃ© de Politiques et SystÃ¨me de SantÃ©, OMS",EN,2024-05-19T14:00:00.000Z
HWF_0024,Community Health Workers (number),numeric,AFR,Africa,Country,SEN,Senegal,Year,2015,FALSE,,,,,,,,,,,,,770,,,,,,770,,"Includes Community Health Workers.  Data Source: Estimated health workforce from Labour Force Survey, ILO 2018",EN,2024-05-19T14:00:00.000Z
HWF_0024,Community Health Workers (number),numeric,AMR,Americas,Country,JAM,Jamaica,Year,2015,FALSE,,,,,,,,,,,,,858,,,,,,858,,Includes Community Health Workers .,EN,2024-05-19T14:00:00.000Z
HWF_0024,Community Health Workers (number),numeric,SEAR,South-East Asia,Country,MDV,Maldives,Year,2014,FALSE,,,,,,,,,,,,,509,,,,,,509,,Includes Community Health Workers .,EN,2024-05-19T14:00:00.000Z
HWF_0024,Community Health Workers (number),numeric,AMR,Americas,Country,JAM,Jamaica,Year,2014,FALSE,,,,,,,,,,,,,711,,,,,,711,,Includes Community Health Workers .,EN,2024-05-19T14:00:00.000Z
HWF_0024,Community Health Workers (number),numeric,EUR,Europe,Country,SVK,Slovakia,Year,2013,TRUE,,,,,,,,,,,,,100,,,,,,100,,Includes Community Health Workers .,EN,2024-05-19T14:00:00.000Z
HWF_0024,Community Health Workers (number),numeric,AFR,Africa,Country,MOZ,Mozambique,Year,2013,FALSE,,,,,,,,,,,,,1204,,,,,,1204,,Includes Community Health Workers .,EN,2024-05-19T14:00:00.000Z
HWF_0024,Community Health Workers (number),numeric,SEAR,South-East Asia,Country,TLS,Timor-Leste,Year,2013,FALSE,,,,,,,,,,,,,241,,,,,,241,,"Includes Community Health Workers.  Data Source: Estimated health workforce from Labour Force Survey, ILO 2018",EN,2024-05-19T14:00:00.000Z
HWF_0024,Community Health Workers (number),numeric,AFR,Africa,Country,GHA,Ghana,Year,2013,FALSE,,,,,,,,,,,,,5293,,,,,,5293,,"Includes Community Health Workers.  Data Source: Estimated health workforce from Labour Force Survey, ILO 2018",EN,2024-05-19T14:00:00.000Z
HWF_0024,Community Health Workers (number),numeric,AFR,Africa,Country,NER,Niger,Year,2013,FALSE,,,,,,,,,,,,,6560,,,,,,6560,,Source: Data from Niger case study (2560 ASCs and 4000 Relais volunteers). USAID MCHIP Case Studies of Large-Scale Community Health Worker Programs (January 2017),EN,2024-05-19T14:00:00.000Z
HWF_0024,Community Health Workers (number),numeric,AMR,Americas,Country,JAM,Jamaica,Year,2013,FALSE,,,,,,,,,,,,,696,,,,,,696,,Includes Community Health Workers .,EN,2024-05-19T14:00:00.000Z
HWF_0024,Community Health Workers (number),numeric,AFR,Africa,Country,MOZ,Mozambique,Year,2012,FALSE,,,,,,,,,,,,,1213,,,,,,1213,,Includes Community Health Workers .,EN,2024-05-19T14:00:00.000Z
HWF_0024,Community Health Workers (number),numeric,AFR,Africa,Country,BWA,Botswana,Year,2012,TRUE,,,,,,,,,,,,,166,,,,,,166,,Includes Family Walfare Educators.  Data Source: Health Statistic Unit of Botswana,EN,2024-05-19T14:00:00.000Z
HWF_0024,Community Health Workers (number),numeric,AFR,Africa,Country,BFA,Burkina Faso,Year,2012,FALSE,,,,,,,,,,,,,2099,,,,,,2099,,Includes Community Health Workers .,EN,2024-05-19T14:00:00.000Z
HWF_0024,Community Health Workers (number),numeric,SEAR,South-East Asia,Country,MMR,Myanmar,Year,2012,FALSE,,,,,,,,,,,,,3397,,,,,,3397,,Includes Community Health Workers .,EN,2024-05-19T14:00:00.000Z
HWF_0024,Community Health Workers (number),numeric,SEAR,South-East Asia,Country,BTN,Bhutan,Year,2012,FALSE,,,,,,,,,,,,,578,,,,,,578,,Includes Community Health Workers .,EN,2024-05-19T14:00:00.000Z
HWF_0024,Community Health Workers (number),numeric,AMR,Americas,Country,JAM,Jamaica,Year,2012,FALSE,,,,,,,,,,,,,643,,,,,,643,,Includes Community Health Workers .,EN,2024-05-19T14:00:00.000Z
HWF_0024,Community Health Workers (number),numeric,SEAR,South-East Asia,Country,BGD,Bangladesh,Year,2012,FALSE,,,,,,,,,,,,,73838,,,,,,73 838,,Includes Community Health Workers .,EN,2024-05-19T14:00:00.000Z
HWF_0024,Community Health Workers (number),numeric,WPR,Western Pacific,Country,CHN,China,Year,2011,TRUE,,,,,,,,,,,,,1126443,,,,,,1 126 443,,Includes Community Health Workers .,EN,2024-05-19T14:00:00.000Z
HWF_0024,Community Health Workers (number),numeric,EMR,Eastern Mediterranean,Country,PAK,Pakistan,Year,2011,FALSE,,,,,,,,,,,,,12621,,,,,,12 621,,Includes Community Health Workers .,EN,2024-05-19T14:00:00.000Z
HWF_0024,Community Health Workers (number),numeric,EUR,Europe,Country,ROU,Romania,Year,2011,TRUE,,,,,,,,,,,,,16170,,,,,,16 170,,"Includes Community health workers.  Data Source: Health workforce from census data. Minnesota Population Center. Integrated Public Use Microdata Series, International: Version 7.1. Minneapolis, MN: IPUMS, 2018. https://doi.org/10.18128/D020.V7.1",EN,2024-05-19T14:00:00.000Z
HWF_0024,Community Health Workers (number),numeric,AFR,Africa,Country,BWA,Botswana,Year,2011,FALSE,,,,,,,,,,,,,166,,,,,,166,,Includes Family Walfare Educators.  Data Source: Health Statistic Unit of Botswana,EN,2024-05-19T14:00:00.000Z
HWF_0024,Community Health Workers (number),numeric,WPR,Western Pacific,Country,NRU,Nauru,Year,2011,FALSE,,,,,,,,,,,,,17,,,,,,17,,Includes Community Health Workers .,EN,2024-05-19T14:00:00.000Z
HWF_0024,Community Health Workers (number),numeric,AFR,Africa,Country,MUS,Mauritius,Year,2011,FALSE,,,,,,,,,,,,,187,,,,,,187,,"Includes Community health care officer, Community health workers n.e.c.  Data Source: Health workforce from census data. Minnesota Population Center. Integrated Public Use Microdata Series, International: Version 7.1. Minneapolis, MN: IPUMS, 2018. https://doi.org/10.18128/D020.V7.1",EN,2024-05-19T14:00:00.000Z
HWF_0024,Community Health Workers (number),numeric,EUR,Europe,Country,GRC,Greece,Year,2011,TRUE,,,,,,,,,,,,,260,,,,,,260,,"Includes Community health workers.  Data Source: Health workforce from census data. Minnesota Population Center. Integrated Public Use Microdata Series, International: Version 7.1. Minneapolis, MN: IPUMS, 2018. https://doi.org/10.18128/D020.V7.1",EN,2024-05-19T14:00:00.000Z
HWF_0024,Community Health Workers (number),numeric,SEAR,South-East Asia,Country,MMR,Myanmar,Year,2011,FALSE,,,,,,,,,,,,,3371,,,,,,3371,,Includes Community Health Workers .,EN,2024-05-19T14:00:00.000Z
HWF_0024,Community Health Workers (number),numeric,AFR,Africa,Country,CMR,Cameroon,Year,2011,FALSE,,,,,,,,,,,,,367,,,,,,367,,"Includes ARC (Community Relay Agents).  Data Source: Ministry of Health, General Census of Health Personnel 2011",EN,2024-05-19T14:00:00.000Z
HWF_0024,Community Health Workers (number),numeric,AFR,Africa,Country,SLE,Sierra Leone,Year,2011,FALSE,,,,,,,,,,,,,566,,,,,,566,,"Includes Community Health.  Data Source: Ministry of Health and Sanitation, Personnel Unit",EN,2024-05-19T14:00:00.000Z
HWF_0024,Community Health Workers (number),numeric,SEAR,South-East Asia,Country,BGD,Bangladesh,Year,2011,FALSE,,,,,,,,,,,,,60271,,,,,,60 271,,Includes Community Health Workers .,EN,2024-05-19T14:00:00.000Z
HWF_0024,Community Health Workers (number),numeric,WPR,Western Pacific,Country,CHN,China,Year,2010,FALSE,,,,,,,,,,,,,1091863,,,,,,1 091 863,,Includes Community Health Workers .,EN,2024-05-19T14:00:00.000Z
HWF_0024,Community Health Workers (number),numeric,AFR,Africa,Country,ZWE,Zimbabwe,Year,2010,FALSE,,,,,,,,,,,,,11200,,,,,,11 200,,,EN,2024-05-19T14:00:00.000Z
HWF_0024,Community Health Workers (number),numeric,EMR,Eastern Mediterranean,Country,PAK,Pakistan,Year,2010,FALSE,,,,,,,,,,,,,11510,,,,,,11 510,,Includes Community Health Workers .,EN,2024-05-19T14:00:00.000Z
HWF_0024,Community Health Workers (number),numeric,AFR,Africa,Country,MLI,Mali,Year,2010,FALSE,,,,,,,,,,,,,110,,,,,,110,,Includes Community Health Workers .,EN,2024-05-19T14:00:00.000Z
HWF_0024,Community Health Workers (number),numeric,AFR,Africa,Country,SLE,Sierra Leone,Year,2010,FALSE,,,,,,,,,,,,,132,,,,,,132,,Includes Community Health Workers .,EN,2024-05-19T14:00:00.000Z
HWF_0024,Community Health Workers (number),numeric,AFR,Africa,Country,BWA,Botswana,Year,2010,FALSE,,,,,,,,,,,,,166,,,,,,166,,Includes Family Walfare Educators.  Data Source: Health Statistic Unit of Botswana,EN,2024-05-19T14:00:00.000Z
HWF_0024,Community Health Workers (number),numeric,EMR,Eastern Mediterranean,Country,YEM,Yemen,Year,2010,TRUE,,,,,,,,,,,,,19,,,,,,19,,Includes Community Health Workers .,EN,2024-05-19T14:00:00.000Z
HWF_0024,Community Health Workers (number),numeric,AFR,Africa,Country,BFA,Burkina Faso,Year,2010,FALSE,,,,,,,,,,,,,1976,,,,,,1976,,Includes Community Health Workers .,EN,2024-05-19T14:00:00.000Z
HWF_0024,Community Health Workers (number),numeric,AMR,Americas,Country,GUY,Guyana,Year,2010,TRUE,,,,,,,,,,,,,245,,,,,,245,,Includes Community Health Workers .,EN,2024-05-19T14:00:00.000Z
HWF_0024,Community Health Workers (number),numeric,AMR,Americas,Country,BRA,Brazil,Year,2010,FALSE,,,,,,,,,,,,,334355,,,,,,334 355,,"Includes Community health workers.  Data Source: Health workforce from census data. Minnesota Population Center. Integrated Public Use Microdata Series, International: Version 7.1. Minneapolis, MN: IPUMS, 2018. https://doi.org/10.18128/D020.V7.1",EN,2024-05-19T14:00:00.000Z
HWF_0024,Community Health Workers (number),numeric,SEAR,South-East Asia,Country,MMR,Myanmar,Year,2010,FALSE,,,,,,,,,,,,,3344,,,,,,3344,,Includes Community Health Workers .,EN,2024-05-19T14:00:00.000Z
HWF_0024,Community Health Workers (number),numeric,WPR,Western Pacific,Country,MNG,Mongolia,Year,2010,FALSE,,,,,,,,,,,,,437,,,,,,437,,Includes Community Health Workers .,EN,2024-05-19T14:00:00.000Z
HWF_0024,Community Health Workers (number),numeric,WPR,Western Pacific,Country,MHL,Marshall Islands,Year,2010,TRUE,,,,,,,,,,,,,53,,,,,,53,,"Includes Community health workers.  Data Source: Ministry of Health, Marshall Islands.",EN,2024-05-19T14:00:00.000Z
HWF_0024,Community Health Workers (number),numeric,SEAR,South-East Asia,Country,MDV,Maldives,Year,2010,FALSE,,,,,,,,,,,,,591,,,,,,591,,Includes Community Health Workers .,EN,2024-05-19T14:00:00.000Z
HWF_0024,Community Health Workers (number),numeric,WPR,Western Pacific,Country,CHN,China,Year,2009,FALSE,,,,,,,,,,,,,1113331,,,,,,1 113 331,,Includes Community Health Workers .,EN,2024-05-19T14:00:00.000Z
HWF_0024,Community Health Workers (number),numeric,EMR,Eastern Mediterranean,Country,PAK,Pakistan,Year,2009,FALSE,,,,,,,,,,,,,10731,,,,,,10 731,,Includes Community Health Workers .,EN,2024-05-19T14:00:00.000Z
HWF_0024,Community Health Workers (number),numeric,AFR,Africa,Country,MLI,Mali,Year,2009,FALSE,,,,,,,,,,,,,114,,,,,,114,,Includes Community Health Workers .,EN,2024-05-19T14:00:00.000Z
HWF_0024,Community Health Workers (number),numeric,AMR,Americas,Country,BLZ,Belize,Year,2009,TRUE,,,,,,,,,,,,,158,,,,,,158,,Includes Community Health Workers .,EN,2024-05-19T14:00:00.000Z
HWF_0024,Community Health Workers (number),numeric,AFR,Africa,Country,BWA,Botswana,Year,2009,FALSE,,,,,,,,,,,,,166,,,,,,166,,Includes Community Health Workers .,EN,2024-05-19T14:00:00.000Z
HWF_0024,Community Health Workers (number),numeric,AFR,Africa,Country,CAF,Central African Republic,Year,2009,FALSE,,,,,,,,,,,,,1713,,,,,,1713,,Includes Community Health Workers .,EN,2024-05-19T14:00:00.000Z
HWF_0024,Community Health Workers (number),numeric,AMR,Americas,Country,GUY,Guyana,Year,2009,FALSE,,,,,,,,,,,,,245,,,,,,245,,Includes Community Health Workers .,EN,2024-05-19T14:00:00.000Z
HWF_0024,Community Health Workers (number),numeric,WPR,Western Pacific,Country,NRU,Nauru,Year,2009,FALSE,,,,,,,,,,,,,3,,,,,,3,,Includes Community Health Workers .,EN,2024-05-19T14:00:00.000Z
HWF_0024,Community Health Workers (number),numeric,AFR,Africa,Country,ETH,Ethiopia,Year,2009,FALSE,,,,,,,,,,,,,30950,,,,,,30 950,,Includes Community Health Workers .,EN,2024-05-19T14:00:00.000Z
HWF_0024,Community Health Workers (number),numeric,SEAR,South-East Asia,Country,MMR,Myanmar,Year,2009,FALSE,,,,,,,,,,,,,3278,,,,,,3278,,Includes Community Health Workers .,EN,2024-05-19T14:00:00.000Z
HWF_0024,Community Health Workers (number),numeric,WPR,Western Pacific,Country,MNG,Mongolia,Year,2009,FALSE,,,,,,,,,,,,,328,,,,,,328,,Includes Community Health Workers .,EN,2024-05-19T14:00:00.000Z
HWF_0024,Community Health Workers (number),numeric,SEAR,South-East Asia,Country,MDV,Maldives,Year,2009,FALSE,,,,,,,,,,,,,513,,,,,,513,,Includes Community Health Workers .,EN,2024-05-19T14:00:00.000Z
HWF_0024,Community Health Workers (number),numeric,AFR,Africa,Country,NER,Niger,Year,2009,FALSE,,,,,,,,,,,,,6308,,,,,,6308,,Source: Data from Niger case study (2308 Agents de SantÃ© Communautaire (ASCs) and 4000 Relais volunteers). USAID MCHIP Case Studies of Large-Scale Community Health Worker Programs (January 2017),EN,2024-05-19T14:00:00.000Z
HWF_0024,Community Health Workers (number),numeric,WPR,Western Pacific,Country,COK,Cook Islands,Year,2009,TRUE,,,,,,,,,,,,,9,,,,,,9,,Includes Community Health Workers .,EN,2024-05-19T14:00:00.000Z
HWF_0024,Community Health Workers (number),numeric,EMR,Eastern Mediterranean,Country,PAK,Pakistan,Year,2008,FALSE,,,,,,,,,,,,,10002,,,,,,10 002,,Includes Community Health Workers .,EN,2024-05-19T14:00:00.000Z
HWF_0024,Community Health Workers (number),numeric,AFR,Africa,Country,MWI,Malawi,Year,2008,FALSE,,,,,,,,,,,,,10055,,,,,,10 055,,Includes Community Health Workers .,EN,2024-05-19T14:00:00.000Z
HWF_0024,Community Health Workers (number),numeric,AFR,Africa,Country,GMB,Gambia,Year,2008,FALSE,,,,,,,,,,,,,1150,,,,,,1150,,Includes Community Health Workers .,EN,2024-05-19T14:00:00.000Z
HWF_0024,Community Health Workers (number),numeric,AFR,Africa,Country,SLE,Sierra Leone,Year,2008,FALSE,,,,,,,,,,,,,132,,,,,,132,,Includes Community Health Workers .,EN,2024-05-19T14:00:00.000Z
HWF_0024,Community Health Workers (number),numeric,WPR,Western Pacific,Country,NRU,Nauru,Year,2008,FALSE,,,,,,,,,,,,,14,,,,,,14,,Includes Community Health Workers .,EN,2024-05-19T14:00:00.000Z
HWF_0024,Community Health Workers (number),numeric,AFR,Africa,Country,CAF,Central African Republic,Year,2008,FALSE,,,,,,,,,,,,,1746,,,,,,1746,,Includes Community Health Workers .,EN,2024-05-19T14:00:00.000Z
HWF_0024,Community Health Workers (number),numeric,AFR,Africa,Country,NGA,Nigeria,Year,2008,FALSE,,,,,,,,,,,,,19268,,,,,,19 268,,Includes Community Health Workers .,EN,2024-05-19T14:00:00.000Z
HWF_0024,Community Health Workers (number),numeric,WPR,Western Pacific,Country,VUT,Vanuatu,Year,2008,TRUE,,,,,,,,,,,,,212,,,,,,212,,Includes Community Health Workers .,EN,2024-05-19T14:00:00.000Z
HWF_0024,Community Health Workers (number),numeric,AFR,Africa,Country,ETH,Ethiopia,Year,2008,FALSE,,,,,,,,,,,,,24571,,,,,,24 571,,Includes Community Health Workers .,EN,2024-05-19T14:00:00.000Z
HWF_0024,Community Health Workers (number),numeric,EMR,Eastern Mediterranean,Country,IRN,Iran (Islamic Republic of),Year,2008,FALSE,,,,,,,,,,,,,27000,,,,,,27 000,,"Source: Ahmadnia S, Salehi N, Madanipour A. A nationwide gender-sensitive survey of Iranian Behvarzes (health workers), their. Job satisfaction and motives. refahj 2008; 8 (30 and 31) :117-142 URL: http://refahj.uswr.ac.ir/article-1-1921-en.html",EN,2024-05-19T14:00:00.000Z
HWF_0024,Community Health Workers (number),numeric,WPR,Western Pacific,Country,FSM,Micronesia (Federated States of),Year,2008,TRUE,,,,,,,,,,,,,31,,,,,,31,,Includes Community Health Workers .,EN,2024-05-19T14:00:00.000Z
HWF_0024,Community Health Workers (number),numeric,SEAR,South-East Asia,Country,MMR,Myanmar,Year,2008,FALSE,,,,,,,,,,,,,3247,,,,,,3247,,Includes Community Health Workers .,EN,2024-05-19T14:00:00.000Z
HWF_0024,Community Health Workers (number),numeric,AFR,Africa,Country,ZMB,Zambia,Year,2008,FALSE,,,,,,,,,,,,,3762,,,,,,3762,,Includes Community Health Workers .,EN,2024-05-19T14:00:00.000Z
HWF_0024,Community Health Workers (number),numeric,WPR,Western Pacific,Country,PNG,Papua New Guinea,Year,2008,FALSE,,,,,,,,,,,,,3883,,,,,,3883,,Includes Community Health Workers .,EN,2024-05-19T14:00:00.000Z
HWF_0024,Community Health Workers (number),numeric,AFR,Africa,Country,BWA,Botswana,Year,2008,FALSE,,,,,,,,,,,,,450,,,,,,450,,Includes Community Health Workers .,EN,2024-05-19T14:00:00.000Z
HWF_0024,Community Health Workers (number),numeric,AFR,Africa,Country,GHA,Ghana,Year,2008,FALSE,,,,,,,,,,,,,4502,,,,,,4502,,Includes Community Health Workers .,EN,2024-05-19T14:00:00.000Z
HWF_0024,Community Health Workers (number),numeric,WPR,Western Pacific,Country,MNG,Mongolia,Year,2008,FALSE,,,,,,,,,,,,,61,,,,,,61,,Includes Community Health Workers .,EN,2024-05-19T14:00:00.000Z
HWF_0024,Community Health Workers (number),numeric,AMR,Americas,Country,JAM,Jamaica,Year,2008,FALSE,,,,,,,,,,,,,727,,,,,,727,,Includes Community Health Workers .,EN,2024-05-19T14:00:00.000Z
HWF_0024,Community Health Workers (number),numeric,SEAR,South-East Asia,Country,BGD,Bangladesh,Year,2008,FALSE,,,,,,,,,,,,,78000,,,,,,78 000,,"Data for BRAC CHWs. Source: GHWA publication ""Global Experience of Community Health Workers for Delivery of Health Related Millennium Development Goals: A Systematic Review, Country Case Studies, and Recommendations for Integration into National Health Systems""",EN,2024-05-19T14:00:00.000Z
HWF_0024,Community Health Workers (number),numeric,WPR,Western Pacific,Country,CHN,China,Year,2008,FALSE,,,,,,,,,,,,,938313,,,,,,938 313,,Includes Community Health Workers .,EN,2024-05-19T14:00:00.000Z
HWF_0024,Community Health Workers (number),numeric,WPR,Western Pacific,Country,VUT,Vanuatu,Year,2007,FALSE,,,,,,,,,,,,,113,,,,,,113,,Includes Community Health Workers .,EN,2024-05-19T14:00:00.000Z
HWF_0024,Community Health Workers (number),numeric,AFR,Africa,Country,GMB,Gambia,Year,2007,FALSE,,,,,,,,,,,,,1156,,,,,,1156,,Includes Community Health Workers .,EN,2024-05-19T14:00:00.000Z
HWF_0024,Community Health Workers (number),numeric,AFR,Africa,Country,ETH,Ethiopia,Year,2007,FALSE,,,,,,,,,,,,,17653,,,,,,17 653,,Includes Community Health Workers .,EN,2024-05-19T14:00:00.000Z
HWF_0024,Community Health Workers (number),numeric,AFR,Africa,Country,NGA,Nigeria,Year,2007,FALSE,,,,,,,,,,,,,19268,,,,,,19 268,,Includes Community Health Workers .,EN,2024-05-19T14:00:00.000Z
HWF_0024,Community Health Workers (number),numeric,SEAR,South-East Asia,Country,MMR,Myanmar,Year,2007,FALSE,,,,,,,,,,,,,3197,,,,,,3197,,Includes Community Health Workers .,EN,2024-05-19T14:00:00.000Z
HWF_0024,Community Health Workers (number),numeric,SEAR,South-East Asia,Country,BTN,Bhutan,Year,2007,FALSE,,,,,,,,,,,,,424,,,,,,424,,Includes Community Health Workers .,EN,2024-05-19T14:00:00.000Z
HWF_0024,Community Health Workers (number),numeric,AFR,Africa,Country,BWA,Botswana,Year,2007,FALSE,,,,,,,,,,,,,476,,,,,,476,,Includes Family Walfare Educators.  Data Source: Health Statistic Unit of Botswana,EN,2024-05-19T14:00:00.000Z
HWF_0024,Community Health Workers (number),numeric,SEAR,South-East Asia,Country,MDV,Maldives,Year,2007,FALSE,,,,,,,,,,,,,478,,,,,,478,,Includes Community Health Workers .,EN,2024-05-19T14:00:00.000Z
HWF_0024,Community Health Workers (number),numeric,WPR,Western Pacific,Country,CHN,China,Year,2007,FALSE,,,,,,,,,,,,,931761,,,,,,931 761,,Includes Community Health Workers .,EN,2024-05-19T14:00:00.000Z
HWF_0024,Community Health Workers (number),numeric,WPR,Western Pacific,Country,AUS,Australia,Year,2006,TRUE,,,,,,,,,,,,,1012,,,,,,1012,,Includes Community Health Workers .,EN,2024-05-19T14:00:00.000Z
HWF_0024,Community Health Workers (number),numeric,SEAR,South-East Asia,Country,MMR,Myanmar,Year,2006,FALSE,,,,,,,,,,,,,3137,,,,,,3137,,Includes Community Health Workers .,EN,2024-05-19T14:00:00.000Z
HWF_0024,Community Health Workers (number),numeric,AFR,Africa,Country,BWA,Botswana,Year,2006,FALSE,,,,,,,,,,,,,920,,,,,,920,,Includes Community Health Workers .,EN,2024-05-19T14:00:00.000Z
HWF_0024,Community Health Workers (number),numeric,WPR,Western Pacific,Country,CHN,China,Year,2006,FALSE,,,,,,,,,,,,,957459,,,,,,957 459,,Includes Community Health Workers .,EN,2024-05-19T14:00:00.000Z
HWF_0024,Community Health Workers (number),numeric,SEAR,South-East Asia,Country,BGD,Bangladesh,Year,2005,FALSE,,,,,,,,,,,,,21000,,,,,,21 000,,Includes Community Health Workers .,EN,2024-05-19T14:00:00.000Z
HWF_0024,Community Health Workers (number),numeric,SEAR,South-East Asia,Country,MMR,Myanmar,Year,2005,FALSE,,,,,,,,,,,,,3025,,,,,,3025,,Includes Community Health Workers .,EN,2024-05-19T14:00:00.000Z
HWF_0024,Community Health Workers (number),numeric,AFR,Africa,Country,ZMB,Zambia,Year,2005,FALSE,,,,,,,,,,,,,4480,,,,,,4480,,Includes Community Health Workers .,EN,2024-05-19T14:00:00.000Z
HWF_0024,Community Health Workers (number),numeric,AFR,Africa,Country,RWA,Rwanda,Year,2005,FALSE,,,,,,,,,,,,,45000,,,,,,45 000,,,EN,2024-05-19T14:00:00.000Z
HWF_0024,Community Health Workers (number),numeric,WPR,Western Pacific,Country,CHN,China,Year,2005,FALSE,,,,,,,,,,,,,916532,,,,,,916 532,,Includes Community Health Workers .,EN,2024-05-19T14:00:00.000Z
HWF_0024,Community Health Workers (number),numeric,AFR,Africa,Country,BWA,Botswana,Year,2005,FALSE,,,,,,,,,,,,,920,,,,,,920,,Includes Community Health Workers .,EN,2024-05-19T14:00:00.000Z
HWF_0024,Community Health Workers (number),numeric,SEAR,South-East Asia,Country,TLS,Timor-Leste,Year,2004,FALSE,,,,,,,,,,,,,10,,,,,,10,,Includes Community Health Workers .,EN,2024-05-19T14:00:00.000Z
HWF_0024,Community Health Workers (number),numeric,AFR,Africa,Country,BFA,Burkina Faso,Year,2004,FALSE,,,,,,,,,,,,,1201,,,,,,1201,,Includes Community Health Workers .,EN,2024-05-19T14:00:00.000Z
HWF_0024,Community Health Workers (number),numeric,AFR,Africa,Country,ETH,Ethiopia,Year,2004,FALSE,,,,,,,,,,,,,15752,,,,,,15 752,,Includes Community Health Workers .,EN,2024-05-19T14:00:00.000Z
HWF_0024,Community Health Workers (number),numeric,AFR,Africa,Country,STP,Sao Tome and Principe,Year,2004,TRUE,,,,,,,,,,,,,150,,,,,,150,,Includes Community Health Workers .,EN,2024-05-19T14:00:00.000Z
HWF_0024,Community Health Workers (number),numeric,AFR,Africa,Country,TCD,Chad,Year,2004,FALSE,,,,,,,,,,,,,154,,,,,,154,,Includes Community Health Workers .,EN,2024-05-19T14:00:00.000Z
HWF_0024,Community Health Workers (number),numeric,SEAR,South-East Asia,Country,NPL,Nepal,Year,2004,FALSE,,,,,,,,,,,,,16206,,,,,,16 206,,Includes Community Health Workers .,EN,2024-05-19T14:00:00.000Z
HWF_0024,Community Health Workers (number),numeric,WPR,Western Pacific,Country,KHM,Cambodia,Year,2004,TRUE,,,,,,,,,,,,,1638,,,,,,1638,,Includes Community Health Workers .,EN,2024-05-19T14:00:00.000Z
HWF_0024,Community Health Workers (number),numeric,SEAR,South-East Asia,Country,BGD,Bangladesh,Year,2004,FALSE,,,,,,,,,,,,,21202,,,,,,21 202,,Includes Community Health Workers .,EN,2024-05-19T14:00:00.000Z
HWF_0024,Community Health Workers (number),numeric,AFR,Africa,Country,GNB,Guinea-Bissau,Year,2004,FALSE,,,,,,,,,,,,,2355,,,,,,2355,,Includes Community Health Workers .,EN,2024-05-19T14:00:00.000Z
HWF_0024,Community Health Workers (number),numeric,AFR,Africa,Country,MUS,Mauritius,Year,2004,FALSE,,,,,,,,,,,,,236,,,,,,236,,Includes Community Health Workers .,EN,2024-05-19T14:00:00.000Z
HWF_0024,Community Health Workers (number),numeric,EMR,Eastern Mediterranean,Country,IRN,Iran (Islamic Republic of),Year,2004,FALSE,,,,,,,,,,,,,25242,,,,,,25 242,,Includes Community Health Workers .,EN,2024-05-19T14:00:00.000Z
HWF_0024,Community Health Workers (number),numeric,EMR,Eastern Mediterranean,Country,YEM,Yemen,Year,2004,FALSE,,,,,,,,,,,,,2542,,,,,,2542,,Includes Community Health Workers .,EN,2024-05-19T14:00:00.000Z
HWF_0024,Community Health Workers (number),numeric,AFR,Africa,Country,GNQ,Equatorial Guinea,Year,2004,FALSE,,,,,,,,,,,,,308,,,,,,308,,Includes Community Health Workers .,EN,2024-05-19T14:00:00.000Z
HWF_0024,Community Health Workers (number),numeric,AFR,Africa,Country,SWZ,Eswatini,Year,2004,FALSE,,,,,,,,,,,,,4000,,,,,,4000,,Includes Community Health Workers .,EN,2024-05-19T14:00:00.000Z
HWF_0024,Community Health Workers (number),numeric,SEAR,South-East Asia,Country,BTN,Bhutan,Year,2004,FALSE,,,,,,,,,,,,,405,,,,,,405,,Includes Community Health Workers .,EN,2024-05-19T14:00:00.000Z
HWF_0024,Community Health Workers (number),numeric,SEAR,South-East Asia,Country,MMR,Myanmar,Year,2004,FALSE,,,,,,,,,,,,,44293,,,,,,44 293,,Includes Community Health Workers .,EN,2024-05-19T14:00:00.000Z
HWF_0024,Community Health Workers (number),numeric,EMR,Eastern Mediterranean,Country,SDN,Sudan,Year,2004,TRUE,,,,,,,,,,,,,4716,,,,,,4716,,Includes Community Health Workers .,EN,2024-05-19T14:00:00.000Z
HWF_0024,Community Health Workers (number),numeric,SEAR,South-East Asia,Country,MDV,Maldives,Year,2004,FALSE,,,,,,,,,,,,,515,,,,,,515,,Includes Community Health Workers .,EN,2024-05-19T14:00:00.000Z
HWF_0024,Community Health Workers (number),numeric,AFR,Africa,Country,BDI,Burundi,Year,2004,FALSE,,,,,,,,,,,,,548,,,,,,548,,Includes Community Health Workers .,EN,2024-05-19T14:00:00.000Z
HWF_0024,Community Health Workers (number),numeric,AFR,Africa,Country,SLE,Sierra Leone,Year,2004,FALSE,,,,,,,,,,,,,558,,,,,,558,,Includes Community Health Workers .,EN,2024-05-19T14:00:00.000Z
HWF_0024,Community Health Workers (number),numeric,WPR,Western Pacific,Country,CHN,China,Year,2004,FALSE,,,,,,,,,,,,,883075,,,,,,883 075,,Includes Community Health Workers .,EN,2024-05-19T14:00:00.000Z
HWF_0024,Community Health Workers (number),numeric,AFR,Africa,Country,CAF,Central African Republic,Year,2004,FALSE,,,,,,,,,,,,,99,,,,,,99,,Includes Community Health Workers .,EN,2024-05-19T14:00:00.000Z
HWF_0024,Community Health Workers (number),numeric,AFR,Africa,Country,ETH,Ethiopia,Year,2003,FALSE,,,,,,,,,,,,,13433,,,,,,13 433,,Includes Community Health Workers .,EN,2024-05-19T14:00:00.000Z
HWF_0024,Community Health Workers (number),numeric,AFR,Africa,Country,GMB,Gambia,Year,2003,FALSE,,,,,,,,,,,,,412,,,,,,412,,Includes Community Health Workers .,EN,2024-05-19T14:00:00.000Z
HWF_0024,Community Health Workers (number),numeric,AMR,Americas,Country,GRD,Grenada,Year,2003,TRUE,,,,,,,,,,,,,45,,,,,,45,,Includes Community Health Workers .,EN,2024-05-19T14:00:00.000Z
HWF_0024,Community Health Workers (number),numeric,AFR,Africa,Country,BWA,Botswana,Year,2003,FALSE,,,,,,,,,,,,,867,,,,,,867,,Includes Community Health Workers .,EN,2024-05-19T14:00:00.000Z
HWF_0024,Community Health Workers (number),numeric,WPR,Western Pacific,Country,CHN,China,Year,2003,FALSE,,,,,,,,,,,,,867778,,,,,,867 778,,Includes Community Health Workers .,EN,2024-05-19T14:00:00.000Z
HWF_0024,Community Health Workers (number),numeric,AMR,Americas,Country,GRD,Grenada,Year,2002,FALSE,,,,,,,,,,,,,45,,,,,,45,,Includes Community Health Workers .,EN,2024-05-19T14:00:00.000Z
HWF_0024,Community Health Workers (number),numeric,AFR,Africa,Country,BWA,Botswana,Year,2002,FALSE,,,,,,,,,,,,,862,,,,,,862,,Includes Community Health Workers .,EN,2024-05-19T14:00:00.000Z
HWF_0024,Community Health Workers (number),numeric,AMR,Americas,Country,GRD,Grenada,Year,2001,FALSE,,,,,,,,,,,,,45,,,,,,45,,Includes Community Health Workers .,EN,2024-05-19T14:00:00.000Z
HWF_0024,Community Health Workers (number),numeric,AMR,Americas,Country,KNA,Saint Kitts and Nevis,Year,2001,TRUE,,,,,,,,,,,,,48,,,,,,48,,Includes Community Health Workers .,EN,2024-05-19T14:00:00.000Z
HWF_0024,Community Health Workers (number),numeric,EMR,Eastern Mediterranean,Country,PAK,Pakistan,Year,2001,FALSE,,,,,,,,,,,,,5669,,,,,,5669,,Includes Community Health Workers .,EN,2024-05-19T14:00:00.000Z
HWF_0024,Community Health Workers (number),numeric,AFR,Africa,Country,BWA,Botswana,Year,2001,FALSE,,,,,,,,,,,,,821,,,,,,821,,Includes Community Health Workers .,EN,2024-05-19T14:00:00.000Z
HWF_0024,Community Health Workers (number),numeric,WPR,Western Pacific,Country,CHN,China,Year,2000,FALSE,,,,,,,,,,,,,1319357,,,,,,1 319 357,,Includes Community Health Workers .,EN,2024-05-19T14:00:00.000Z
HWF_0024,Community Health Workers (number),numeric,AFR,Africa,Country,BWA,Botswana,Year,2000,FALSE,,,,,,,,,,,,,1269,,,,,,1269,,Includes Community Health Workers .,EN,2024-05-19T14:00:00.000Z
HWF_0024,Community Health Workers (number),numeric,AMR,Americas,Country,GRD,Grenada,Year,2000,FALSE,,,,,,,,,,,,,45,,,,,,45,,Includes Community Health Workers .,EN,2024-05-19T14:00:00.000Z
HWF_0024,Community Health Workers (number),numeric,AMR,Americas,Country,VCT,Saint Vincent and the Grenadines,Year,2000,TRUE,,,,,,,,,,,,,45,,,,,,45,,Includes Community Health Workers .,EN,2024-05-19T14:00:00.000Z
HWF_0024,Community Health Workers (number),numeric,EMR,Eastern Mediterranean,Country,PAK,Pakistan,Year,2000,FALSE,,,,,,,,,,,,,5443,,,,,,5443,,Includes Community Health Workers .,EN,2024-05-19T14:00:00.000Z
HWF_0024,Community Health Workers (number),numeric,WPR,Western Pacific,Country,CHN,China,Year,1999,FALSE,,,,,,,,,,,,,1324937,,,,,,1 324 937,,Includes Community Health Workers .,EN,2024-05-19T14:00:00.000Z
HWF_0024,Community Health Workers (number),numeric,AMR,Americas,Country,KNA,Saint Kitts and Nevis,Year,1999,FALSE,,,,,,,,,,,,,32,,,,,,32,,Includes Community Health Workers .,EN,2024-05-19T14:00:00.000Z
HWF_0024,Community Health Workers (number),numeric,AMR,Americas,Country,GRD,Grenada,Year,1999,FALSE,,,,,,,,,,,,,45,,,,,,45,,Includes Community Health Workers .,EN,2024-05-19T14:00:00.000Z
HWF_0024,Community Health Workers (number),numeric,EMR,Eastern Mediterranean,Country,PAK,Pakistan,Year,1999,FALSE,,,,,,,,,,,,,5299,,,,,,5299,,Includes Community Health Workers .,EN,2024-05-19T14:00:00.000Z
HWF_0024,Community Health Workers (number),numeric,AFR,Africa,Country,BWA,Botswana,Year,1999,FALSE,,,,,,,,,,,,,775,,,,,,775,,Includes Community Health Workers .,EN,2024-05-19T14:00:00.000Z
HWF_0024,Community Health Workers (number),numeric,WPR,Western Pacific,Country,CHN,China,Year,1998,FALSE,,,,,,,,,,,,,1327633,,,,,,1 327 633,,Includes Community Health Workers .,EN,2024-05-19T14:00:00.000Z
HWF_0024,Community Health Workers (number),numeric,AMR,Americas,Country,KNA,Saint Kitts and Nevis,Year,1998,FALSE,,,,,,,,,,,,,32,,,,,,32,,Includes Community Health Workers .,EN,2024-05-19T14:00:00.000Z
HWF_0024,Community Health Workers (number),numeric,AMR,Americas,Country,GRD,Grenada,Year,1998,FALSE,,,,,,,,,,,,,40,,,,,,40,,Includes Community Health Workers .,EN,2024-05-19T14:00:00.000Z
HWF_0024,Community Health Workers (number),numeric,EMR,Eastern Mediterranean,Country,PAK,Pakistan,Year,1998,FALSE,,,,,,,,,,,,,4959,,,,,,4959,,Includes Community Health Workers .,EN,2024-05-19T14:00:00.000Z
HWF_0024,Community Health Workers (number),numeric,AFR,Africa,Country,BWA,Botswana,Year,1998,FALSE,,,,,,,,,,,,,742,,,,,,742,,Includes Community Health Workers .,EN,2024-05-19T14:00:00.000Z
HWF_0024,Community Health Workers (number),numeric,WPR,Western Pacific,Country,CHN,China,Year,1997,FALSE,,,,,,,,,,,,,1317786,,,,,,1 317 786,,Includes Community Health Workers .,EN,2024-05-19T14:00:00.000Z
HWF_0024,Community Health Workers (number),numeric,AMR,Americas,Country,KNA,Saint Kitts and Nevis,Year,1997,FALSE,,,,,,,,,,,,,17,,,,,,17,,Includes Community Health Workers .,EN,2024-05-19T14:00:00.000Z
HWF_0024,Community Health Workers (number),numeric,EMR,Eastern Mediterranean,Country,PAK,Pakistan,Year,1997,FALSE,,,,,,,,,,,,,4589,,,,,,4589,,Includes Community Health Workers .,EN,2024-05-19T14:00:00.000Z
HWF_0024,Community Health Workers (number),numeric,WPR,Western Pacific,Country,CHN,China,Year,1996,FALSE,,,,,,,,,,,,,1316095,,,,,,1 316 095,,Includes Community Health Workers .,EN,2024-05-19T14:00:00.000Z
HWF_0024,Community Health Workers (number),numeric,AMR,Americas,Country,KNA,Saint Kitts and Nevis,Year,1996,FALSE,,,,,,,,,,,,,17,,,,,,17,,Includes Community Health Workers .,EN,2024-05-19T14:00:00.000Z
HWF_0024,Community Health Workers (number),numeric,SEAR,South-East Asia,Country,MDV,Maldives,Year,1996,FALSE,,,,,,,,,,,,,323,,,,,,323,,Includes Community Health Workers .,EN,2024-05-19T14:00:00.000Z
HWF_0024,Community Health Workers (number),numeric,EMR,Eastern Mediterranean,Country,PAK,Pakistan,Year,1996,FALSE,,,,,,,,,,,,,4407,,,,,,4407,,Includes Community Health Workers .,EN,2024-05-19T14:00:00.000Z
HWF_0024,Community Health Workers (number),numeric,WPR,Western Pacific,Country,AUS,Australia,Year,1996,FALSE,,,,,,,,,,,,,708,,,,,,708,,Includes Community Health Workers .,EN,2024-05-19T14:00:00.000Z
HWF_0024,Community Health Workers (number),numeric,WPR,Western Pacific,Country,CHN,China,Year,1995,FALSE,,,,,,,,,,,,,1331017,,,,,,1 331 017,,Includes Community Health Workers .,EN,2024-05-19T14:00:00.000Z
HWF_0024,Community Health Workers (number),numeric,AFR,Africa,Country,RWA,Rwanda,Year,1995,FALSE,,,,,,,,,,,,,12000,,,,,,12 000,,Source: Rwanda case study. USAID MCHIP Case Studies of Large-Scale Community Health Worker Programs (January 2017),EN,2024-05-19T14:00:00.000Z
HWF_0024,Community Health Workers (number),numeric,AMR,Americas,Country,KNA,Saint Kitts and Nevis,Year,1995,FALSE,,,,,,,,,,,,,17,,,,,,17,,Includes Community Health Workers .,EN,2024-05-19T14:00:00.000Z
HWF_0024,Community Health Workers (number),numeric,EMR,Eastern Mediterranean,Country,PAK,Pakistan,Year,1995,FALSE,,,,,,,,,,,,,4185,,,,,,4185,,Includes Community Health Workers .,EN,2024-05-19T14:00:00.000Z
HWF_0024,Community Health Workers (number),numeric,AMR,Americas,Country,KNA,Saint Kitts and Nevis,Year,1994,FALSE,,,,,,,,,,,,,17,,,,,,17,,Includes Community Health Workers .,EN,2024-05-19T14:00:00.000Z
HWF_0024,Community Health Workers (number),numeric,EMR,Eastern Mediterranean,Country,PAK,Pakistan,Year,1994,FALSE,,,,,,,,,,,,,4107,,,,,,4107,,Includes Community Health Workers .,EN,2024-05-19T14:00:00.000Z
HWF_0024,Community Health Workers (number),numeric,AMR,Americas,Country,KNA,Saint Kitts and Nevis,Year,1993,FALSE,,,,,,,,,,,,,17,,,,,,17,,Includes Community Health Workers .,EN,2024-05-19T14:00:00.000Z
HWF_0024,Community Health Workers (number),numeric,SEAR,South-East Asia,Country,MDV,Maldives,Year,1993,FALSE,,,,,,,,,,,,,286,,,,,,286,,Includes Community Health Workers .,EN,2024-05-19T14:00:00.000Z
HWF_0024,Community Health Workers (number),numeric,EMR,Eastern Mediterranean,Country,PAK,Pakistan,Year,1993,FALSE,,,,,,,,,,,,,3920,,,,,,3920,,Includes Community Health Workers .,EN,2024-05-19T14:00:00.000Z
HWF_0024,Community Health Workers (number),numeric,AMR,Americas,Country,KNA,Saint Kitts and Nevis,Year,1992,FALSE,,,,,,,,,,,,,17,,,,,,17,,Includes Community Health Workers .,EN,2024-05-19T14:00:00.000Z
HWF_0024,Community Health Workers (number),numeric,EMR,Eastern Mediterranean,Country,PAK,Pakistan,Year,1992,FALSE,,,,,,,,,,,,,3796,,,,,,3796,,Includes Community Health Workers .,EN,2024-05-19T14:00:00.000Z
HWF_0024,Community Health Workers (number),numeric,AMR,Americas,Country,KNA,Saint Kitts and Nevis,Year,1991,FALSE,,,,,,,,,,,,,17,,,,,,17,,Includes Community Health Workers .,EN,2024-05-19T14:00:00.000Z
HWF_0024,Community Health Workers (number),numeric,SEAR,South-East Asia,Country,MDV,Maldives,Year,1991,FALSE,,,,,,,,,,,,,234,,,,,,234,,Includes Community Health Workers .,EN,2024-05-19T14:00:00.000Z
HWF_0024,Community Health Workers (number),numeric,WPR,Western Pacific,Country,CHN,China,Year,1990,FALSE,,,,,,,,,,,,,1231510,,,,,,1 231 510,,Includes Community Health Workers .,EN,2024-05-19T14:00:00.000Z
HWF_0024,Community Health Workers (number),numeric,AMR,Americas,Country,KNA,Saint Kitts and Nevis,Year,1990,FALSE,,,,,,,,,,,,,17,,,,,,17,,Includes Community Health Workers .,EN,2024-05-19T14:00:00.000Z
HWF_0024,Community Health Workers (number),numeric,SEAR,South-East Asia,Country,MDV,Maldives,Year,1989,FALSE,,,,,,,,,,,,,224,,,,,,224,,Includes Community Health Workers .,EN,2024-05-19T14:00:00.000Z
HWF_0024,Community Health Workers (number),numeric,SEAR,South-East Asia,Country,MMR,Myanmar,Year,1988,FALSE,,,,,,,,,,,,,1557,,,,,,1557,,Includes Community Health Workers .,EN,2024-05-19T14:00:00.000Z
HWF_0024,Community Health Workers (number),numeric,WPR,Western Pacific,Country,CHN,China,Year,1985,FALSE,,,,,,,,,,,,,1293094,,,,,,1 293 094,,Includes Community Health Workers .,EN,2024-05-19T14:00:00.000Z
HWF_0024,Community Health Workers (number),numeric,WPR,Western Pacific,Country,CHN,China,Year,1980,FALSE,,,,,,,,,,,,,3820776,,,,,,3 820 776,,Includes Community Health Workers .,EN,2024-05-19T14:00:00.000Z
HWF_0024,Community Health Workers (number),numeric,WPR,Western Pacific,Country,CHN,China,Year,1978,FALSE,,,,,,,,,,,,,4777469,,,,,,4 777 469,,Includes Community Health Workers .,EN,2024-05-19T14:00:00.000Z
